motif_id	motif_alt_id	sequence_name	start	stop	strand	score	p-value	q-value	matched_sequence
11-ACTTGGTAGCACTTG	STREME-11	PHYSODRAFT_336594(PHYSOscaffold_7	2094417	2094431	+	28.3933	9.17e-10	3.32e-06	ACTTGGTAGCACTTG
11-ACTTGGTAGCACTTG	STREME-11	PHYSODRAFT_336089(PHYSOscaffold_7	315692	315706	+	27.191	1.68e-09	3.32e-06	ACTTGGTAGCACTCG
3-CTCTGACGCAAAG	STREME-3	PHYSODRAFT_341252(PHYSOscaffold_13	1547006	1547018	+	24.939	1.31e-08	1.78e-05	CTCTGACGCAAAG
3-CTCTGACGCAAAG	STREME-3	PHYSODRAFT_471752(PHYSOscaffold_1	11050290	11050302	+	24.939	1.31e-08	1.78e-05	CTCTGACGCAAAG
3-CTCTGACGCAAAG	STREME-3	PHYSODRAFT_323754(PHYSOscaffold_1	12232905	12232917	+	24.939	1.31e-08	1.78e-05	CTCTGACGCAAAG
11-ACTTGGTAGCACTTG	STREME-11	CEG38854(Scaffold_323	2068044	2068058	+	22.4944	2.42e-08	2.39e-05	ACTTGGTTGCACTCG
11-ACTTGGTAGCACTTG	STREME-11	CEG38854(Scaffold_323	2068046	2068060	+	22.4944	2.42e-08	2.39e-05	ACTTGGTTGCACTCG
3-CTCTGACGCAAAG	STREME-3	PHYSODRAFT_323518(PHYSOscaffold_1	11443016	11443028	+	22.6341	5.79e-08	4.85e-05	CTCTAACGCAAAG
3-CTCTGACGCAAAG	STREME-3	PHYSODRAFT_499377(PHYSOscaffold_4	4182834	4182846	+	22.0488	6.82e-08	4.85e-05	CTCTGACGCACAG
3-CTCTGACGCAAAG	STREME-3	PHYSODRAFT_530395(PHYSOscaffold_13	1612094	1612106	+	20.6707	8.36e-08	4.85e-05	CTCTGACGCTAAA
3-CTCTGACGCAAAG	STREME-3	PHYSODRAFT_336594(PHYSOscaffold_7	2094408	2094420	+	20.6707	8.36e-08	4.85e-05	CTCTGACGCTAAA
6-AAGCGCAAAGC	STREME-6	ENSRNAG00050152934(Scaffold_1583	690210	690220	+	20.1463	2.33e-07	0.00014	AAGCGCAAAGC
6-AAGCGCAAAGC	STREME-6	ENSRNAG00050152934(Scaffold_1583	690213	690223	+	20.1463	2.33e-07	0.00014	AAGCGCAAAGC
6-AAGCGCAAAGC	STREME-6	ENSRNAG00050152934(Scaffold_1583	690213	690223	+	20.1463	2.33e-07	0.00014	AAGCGCAAAGC
6-AAGCGCAAAGC	STREME-6	ENSRNAG00050152934(Scaffold_1583	690215	690225	+	20.1463	2.33e-07	0.00014	AAGCGCAAAGC
6-AAGCGCAAAGC	STREME-6	ENSRNAG00050152934(Scaffold_1583	690215	690225	+	20.1463	2.33e-07	0.00014	AAGCGCAAAGC
6-AAGCGCAAAGC	STREME-6	ENSRNAG00050152934(Scaffold_1583	690215	690225	+	20.1463	2.33e-07	0.00014	AAGCGCAAAGC
6-AAGCGCAAAGC	STREME-6	ENSRNAG00050152934(Scaffold_1583	690215	690225	+	20.1463	2.33e-07	0.00014	AAGCGCAAAGC
15-CTGTTTAGAATG	STREME-15	PHYSODRAFT_336089(PHYSOscaffold_7	315728	315739	+	19.9694	2.99e-07	0.000622	CTGTATAGACTG
15-CTGTTTAGAATG	STREME-15	PHYSODRAFT_336594(PHYSOscaffold_7	2094453	2094464	+	19.9694	2.99e-07	0.000622	CTGTATAGACTG
12-TCTTCGCCAGGA	STREME-12	PHYSODRAFT_341256(PHYSOscaffold_13	1569964	1569975	+	18.1707	4.15e-07	0.00165	TCTACGCAAGGA
15-CTGTTTAGAATG	STREME-15	CEG41535(Scaffold_555	1740781	1740792	+	15.898	8.59e-07	0.000894	CTGTGTAGAGTG
15-CTGTTTAGAATG	STREME-15	CEG41535(Scaffold_555	1740787	1740798	+	15.898	8.59e-07	0.000894	CTGTGTAGAGTG
12-TCTTCGCCAGGA	STREME-12	PHYSODRAFT_418945(PHYSOscaffold_29	102015	102026	+	16.4146	1.56e-06	0.00311	TCTTCGCGAGGA
1-CAGCGGGGCTGCCGT	STREME-1	PHYSODRAFT_353615(PHYSOscaffold_1	8748425	8748439	+	-11.08	2.01e-05	0.0679	CAGCAGCGGTGCAGT
12-TCTTCGCCAGGA	STREME-12	CEG47198(Scaffold_2386	1870087	1870098	+	11.8659	2.12e-05	0.0281	TTTTAGCCAGGA
6-AAGCGCAAAGC	STREME-6	PHYSODRAFT_323518(PHYSOscaffold_1	11443019	11443029	+	10.9878	2.44e-05	0.0128	TAACGCAAAGC
13-GGCGTCTCRGCGCAR	STREME-13	CEG36842(Scaffold_253	301679	301693	+	2.69663	2.93e-05	0.0956	GGCGTTTGATCGCCA
8-AGATGAGCAAATA	STREME-8	CEG47198(Scaffold_2386	1870132	1870144	+	7.09184	3e-05	0.123	AGTTGATCAAGTA
10-CATCCGCA	STREME-10	PHYSODRAFT_418945(PHYSOscaffold_29	102003	102010	+	10.6341	3.04e-05	0.106	CATCCGCC
7-KAAGCTTM	STREME-7	ENSRNAG00050152934(Scaffold_1583	690203	690210	+	13.0732	3.18e-05	0.0174	TAAGCTTC
7-KAAGCTTM	STREME-7	ENSRNAG00050152934(Scaffold_1583	690203	690210	+	13.0732	3.18e-05	0.0174	TAAGCTTC
7-KAAGCTTM	STREME-7	ENSRNAG00050152934(Scaffold_1583	690203	690210	+	13.0732	3.18e-05	0.0174	TAAGCTTC
7-KAAGCTTM	STREME-7	ENSRNAG00050152934(Scaffold_1583	690203	690210	+	13.0732	3.18e-05	0.0174	TAAGCTTC
7-KAAGCTTM	STREME-7	PHYSODRAFT_341252(PHYSOscaffold_13	1546998	1547005	+	13.0732	3.18e-05	0.0174	TAAGCTTC
7-KAAGCTTM	STREME-7	PHYSODRAFT_499377(PHYSOscaffold_4	4182826	4182833	+	13.0732	3.18e-05	0.0174	TAAGCTTC
7-KAAGCTTM	STREME-7	PHYSODRAFT_323518(PHYSOscaffold_1	11443008	11443015	+	13.0732	3.18e-05	0.0174	TAAGCTTC
7-KAAGCTTM	STREME-7	PHYSODRAFT_323754(PHYSOscaffold_1	12232897	12232904	+	13.0732	3.18e-05	0.0174	TAAGCTTC
5-AGCGCGTG	STREME-5	CEG36842(Scaffold_253	301667	301674	+	11.9146	4.23e-05	0.0849	AGCACGTG
5-AGCGCGTG	STREME-5	CEG48136(Scaffold_2904	924055	924062	+	11.9146	4.23e-05	0.0849	AGCACGTG
12-TCTTCGCCAGGA	STREME-12	CEG48136(Scaffold_2904	923904	923915	+	10.0488	5.25e-05	0.0522	TCTTCGTCTGCA
9-CATTCTCCTC	STREME-9	CEG41535(Scaffold_555	1740841	1740850	+	8.87805	8.74e-05	0.161	CCATCTCCTC
9-CATTCTCCTC	STREME-9	CEG41535(Scaffold_555	1740847	1740856	+	8.87805	8.74e-05	0.161	CCATCTCCTC
12-TCTTCGCCAGGA	STREME-12	CEG48014(Scaffold_2904	274245	274256	+	8.78049	9.36e-05	0.0744	TCTGCCCCAGTA
4-GGTGGTAAATTAC	STREME-4	CEG36842(Scaffold_253	301653	301665	+	-2.73469	9.6e-05	0.393	AATCATAAATTAC

# FIMO (Find Individual Motif Occurrences): Version 5.3.0 compiled on Dec 21 2020 at 15:10:38
# The format of this file is described at http://meme-suite.org/doc/fimo-output-format.html.
# fimo -oc /Users/sbharti/Documents/GitHub/Transcriptiona_regulation_oomycetes/results/python/orthologs_study/old_clusters_fasta/no_char_rmdup_result_1.fasta.txt_streme_out/fimo_output --norc --parse-genomic-coord /Users/sbharti/Documents/GitHub/Transcriptiona_regulation_oomycetes/results/meme/orthologs_study/streme_400_output_files/streme.txt /Users/sbharti/Documents/GitHub/Transcriptiona_regulation_oomycetes/results/python/orthologs_study/old_clusters_fasta/no_char_rmdup_result_1.fasta.txt.fasta
